<?xml version="1.0" encoding="utf-8"?>
<!--/1436606/803454/2.49/4/4/Inductor/-->
<quadcept_library>
  <setting unit="mil" />
  <textstyle name="Default" height="47.244094488189" strokewidth="7.8740157480315" charwidth="47.244094488189" />
  <textstyle name="Dimension" height="19.6850393700787" strokewidth="0" charwidth="19.6850393700787" />
  <textstyle name="H127W0635TH00762" height="50" strokewidth="3" charwidth="25" />
  <textstyle name="H15W15TH02" height="59.0551181102362" strokewidth="7.8740157480315" charwidth="59.0551181102362" />
  <padstyle name="r130_120" surface="True" plated="False" isvia="False" nopaste="False" nomask="True" complex="False" holesize="0">
    <padshape layer="TOP" shape="rectangle" width="47.244094488188" height="51.181102362204" />
    <padshape layer="TOP_SOLDER_MASK" shape="rectangle" width="55.11811023622" height="59.055118110235" />
    <padshape layer="TOP_SOLDER_PASTE" shape="rectangle" width="47.244094488188" height="51.181102362204" />
  </padstyle>
  <footprint name="CLS62NP220NC" originx="0" originy="0" pickpointx="0" pickpointy="0">
    <pcbpin number="1" name="1" style="r130_120" originx="-118.11023622047" originy="68.897637795275" rotation="90" />
    <pcbpin number="2" name="2" style="r130_120" originx="-118.11023622047" originy="-68.897637795275" rotation="90" />
    <pcbpin number="3" name="3" style="r130_120" originx="118.11023622047" originy="-68.897637795275" rotation="90" />
    <pcbpin number="4" name="4" style="r130_120" originx="118.11023622047" originy="68.897637795275" rotation="90" />
    <line layer="TOP_ASSEMBLY" originx="-129.92125984252" originy="133.85826771653" endx="129.92125984252" endy="133.85826771653" width="7.8740157480314" />
    <line layer="TOP_ASSEMBLY" originx="129.92125984252" originy="133.85826771653" endx="129.92125984252" endy="-133.85826771653" width="7.8740157480314" />
    <line layer="TOP_ASSEMBLY" originx="129.92125984252" originy="-133.85826771653" endx="-129.92125984252" endy="-133.85826771653" width="7.8740157480314" />
    <line layer="TOP_ASSEMBLY" originx="-129.92125984252" originy="-133.85826771653" endx="-129.92125984252" endy="133.85826771653" width="7.8740157480314" />
    <line layer="TOP_PLACE_BOUND" originx="-208.66141732283" originy="173.22834645669" endx="183.07086614173" endy="173.22834645669" width="3.9370078740157" />
    <line layer="TOP_PLACE_BOUND" originx="183.07086614173" originy="173.22834645669" endx="183.07086614173" endy="-173.22834645669" width="3.9370078740157" />
    <line layer="TOP_PLACE_BOUND" originx="183.07086614173" originy="-173.22834645669" endx="-208.66141732283" endy="-173.22834645669" width="3.9370078740157" />
    <line layer="TOP_PLACE_BOUND" originx="-208.66141732283" originy="-173.22834645669" endx="-208.66141732283" endy="173.22834645669" width="3.9370078740157" />
    <line layer="TOP_SILKSCREEN" originx="-129.92125984252" originy="31.496062992126" endx="-129.92125984252" endy="-31.496062992126" width="3.9370078740157" />
    <line layer="TOP_SILKSCREEN" originx="129.92125984252" originy="31.496062992126" endx="129.92125984252" endy="-31.496062992126" width="3.9370078740157" />
    <line layer="TOP_SILKSCREEN" originx="-129.92125984252" originy="106.29921259842" endx="-129.92125984252" endy="133.85826771653" width="3.9370078740157" />
    <line layer="TOP_SILKSCREEN" originx="-129.92125984252" originy="133.85826771653" endx="129.92125984252" endy="133.85826771653" width="3.9370078740157" />
    <line layer="TOP_SILKSCREEN" originx="129.92125984252" originy="133.85826771653" endx="129.92125984252" endy="106.29921259842" width="3.9370078740157" />
    <line layer="TOP_SILKSCREEN" originx="-129.92125984252" originy="-106.29921259842" endx="-129.92125984252" endy="-133.85826771653" width="3.9370078740157" />
    <line layer="TOP_SILKSCREEN" originx="-129.92125984252" originy="-133.85826771653" endx="129.92125984252" endy="-133.85826771653" width="3.9370078740157" />
    <line layer="TOP_SILKSCREEN" originx="129.92125984252" originy="-133.85826771653" endx="129.92125984252" endy="-106.29921259842" width="3.9370078740157" />
    <line layer="TOP_SILKSCREEN" originx="-165.35433070866" originy="70.866141732283" endx="-165.35433070866" endy="70.866141732283" width="3.9370078740157" />
    <arc layer="TOP_SILKSCREEN" originx="-167.32283464567" originy="70.866141732283" startangle=".0" sweepangle="180.0" radius="1.9685039370079" width="3.9370078740157" />
    <line layer="TOP_SILKSCREEN" originx="-169.29133858268" originy="70.866141732283" endx="-169.29133858268" endy="70.866141732283" width="3.9370078740157" />
    <arc layer="TOP_SILKSCREEN" originx="-167.32283464567" originy="70.866141732283" startangle="180.0" sweepangle="180.0" radius="1.9685039370079" width="3.9370078740157" />
  </footprint>
  <symbol name="CLS62NP-220NC" originx="0" originy="0">
    <line originx="200" originy="100" endx="600" endy="100" width="0" />
    <line originx="600" originy="-200" endx="600" endy="100" width="0" />
    <line originx="600" originy="-200" endx="200" endy="-200" width="0" />
    <line originx="200" originy="100" endx="200" endy="-200" width="0" />
    <sympin number="1" originx="200" originy="0" rotation="180" length="100" width="7.8740157480315" flipped="False">
      <text name="pinname" originx="230" originy="0" style="Default" rotation="0" justify="left" flipped="False" hidden="False" data="1" />
      <text name="pindes" originx="140" originy="20" style="Default" rotation="0" justify="lowerright" flipped="False" hidden="False" data="1" />
    </sympin>
    <sympin number="2" originx="200" originy="-100" rotation="180" length="100" width="7.8740157480315" flipped="False">
      <text name="pinname" originx="230" originy="-100" style="Default" rotation="0" justify="left" flipped="False" hidden="False" data="2" />
      <text name="pindes" originx="140" originy="-80" style="Default" rotation="0" justify="lowerright" flipped="False" hidden="False" data="2" />
    </sympin>
    <sympin number="3" originx="600" originy="-100" rotation="0" length="100" width="7.8740157480315" flipped="False">
      <text name="pinname" originx="570" originy="-100" style="Default" rotation="0" justify="right" flipped="False" hidden="False" data="3" />
      <text name="pindes" originx="660" originy="-80" style="Default" rotation="0" justify="lowerleft" flipped="False" hidden="False" data="3" />
    </sympin>
    <sympin number="4" originx="600" originy="0" rotation="0" length="100" width="7.8740157480315" flipped="False">
      <text name="pinname" originx="570" originy="0" style="Default" rotation="0" justify="right" flipped="False" hidden="False" data="4" />
      <text name="pindes" originx="660" originy="20" style="Default" rotation="0" justify="lowerleft" flipped="False" hidden="False" data="4" />
    </sympin>
  </symbol>
  <component name="CLS62NP-220NC" designatorprefix="L" height="98.425196850392" footprint="CLS62NP220NC">
    <comppin designator="1" sympin="1" pinswap="0" gateswap="0" gate="1" group="1" side="" type="Any" name="1" />
    <comppin designator="2" sympin="2" pinswap="0" gateswap="0" gate="1" group="1" side="" type="Any" name="2" />
    <comppin designator="3" sympin="3" pinswap="0" gateswap="0" gate="1" group="1" side="" type="Any" name="3" />
    <comppin designator="4" sympin="4" pinswap="0" gateswap="0" gate="1" group="1" side="" type="Any" name="4" />
    <attached_symbol gate="1" name="CLS62NP-220NC" />
    <pinmap designator="1" footprintpin="1" />
    <pinmap designator="2" footprintpin="2" />
    <pinmap designator="3" footprintpin="3" />
    <pinmap designator="4" footprintpin="4" />
    <text name="Datasheet" originx="0" originy="0" style="Default" rotation="0" justify="" flipped="False" hidden="True" data="https://www.arrow.com/en/products/cls62np-220nc/sumida" />
    <text name="Description" originx="0" originy="0" style="Default" rotation="0" justify="" flipped="False" hidden="True" data="FIXED IND 22UH 468MA 355 MOHM" />
    <text name="Mouser Part Number" originx="0" originy="0" style="Default" rotation="0" justify="" flipped="False" hidden="True" data="851-CLS62NP-220NC" />
    <text name="Mouser Price/Stock" originx="0" originy="0" style="Default" rotation="0" justify="" flipped="False" hidden="True" data="https://www.mouser.com/Search/Refine.aspx?Keyword=851-CLS62NP-220NC" />
    <text name="Manufacturer_Name" originx="0" originy="0" style="Default" rotation="0" justify="" flipped="False" hidden="True" data="Sumida" />
    <text name="Manufacturer_Part_Number" originx="650" originy="200" style="Default" rotation="0" justify="left" flipped="False" hidden="False" data="CLS62NP-220NC" />
  </component>
</quadcept_library>
